{
  "pipeline_version": "1.0.0",
  "run_timestamp": "2026-01-19T22:41:24.922134",
  "data_source": "C:\\Users\\priya\\OneDrive\\Documents\\Combined for UIDAI",
  "row_counts": {
    "enrolment": 978376,
    "biometric": 1763171,
    "demographic": 1593734,
    "master": 923
  },
  "unique_states": 36,
  "unique_districts": 923,
  "index_summary": {
    "AESI": {
      "mean": 25.764910624542868,
      "median": 23.462172559076755,
      "min": 20.0,
      "max": 80.0,
      "std": 6.95145489168887
    },
    "BUSI": {
      "mean": 12.458014761247084,
      "median": 9.231256485936468,
      "min": 0.0,
      "max": 100.0,
      "std": 13.5545424322449
    },
    "ALSI": {
      "mean": 19.016446076248048,
      "median": 16.429868995482487,
      "min": 10.000050539764686,
      "max": 80.57480932365817,
      "std": 9.67226649112739
    },
    "DULI": {
      "mean": 11.98293167801245,
      "median": 7.76569310851415,
      "min": 0.0,
      "max": 100.0,
      "std": 14.082755869954186
    },
    "EPI": {
      "mean": 9.608184374238109,
      "median": 5.770287598461256,
      "min": 0.0,
      "max": 100.0,
      "std": 11.585758152814785
    },
    "Ghost_Score": {
      "mean": 12.553307897563178,
      "median": 8.69121665253854,
      "min": 0.0,
      "max": 100.0,
      "std": 13.525223381120638
    },
    "Leaderboard_Score": {
      "mean": 82.361751818405,
      "median": 85.09578051666128,
      "min": 16.858471378665257,
      "max": 91.99994946023531,
      "std": 10.401298416012976
    }
  },
  "risk_distribution": {
    "critical": 1,
    "high": 10,
    "moderate": 368,
    "low": 544
  }
}